Driver,Nationality,MBTI,Seasons,Championships,Pole_Positions,Race_Wins,Podiums,Fastest_Laps,Points,Active,Championship Years,Champion
George Russell,United Kingdom,ENFJ,"[2019, 2020, 2021, 2022, 2023, 2024]",0,1,1,11,6,469,TRUE,,FALSE
Nico Rosberg,Germany,ENFJ,"[2006, 2007, 2008, 2009, 2010, 2011, 2012, 2013, 2014, 2015, 2016]",1,30,23,57,20,1594.5,FALSE,[2016],TRUE
David Coulthard,United Kingdom,ENFJ,"[1994, 1995, 1996, 1997, 1998, 1999, 2000, 2001, 2002, 2003, 2004, 2005, 2006, 2007, 2008]",0,12,13,62,18,535,FALSE,,FALSE
Jackie Stewart,United Kingdom,ENFJ,"[1965, 1966, 1967, 1968, 1969, 1970, 1971, 1972, 1973]",3,17,27,43,15,359,FALSE,"[1969, 1971, 1973]",TRUE
Juan Manuel Fangio,Argentina,ENFJ,"[1950, 1951, 1953, 1954, 1955, 1956, 1957, 1958]",5,29,24,35,23,245,FALSE,"[1951, 1954, 1955, 1956, 1957]",TRUE
Pietro Fittipaldi,Brazil,ENFP,[2020],0,0,0,0,0,0,FALSE,,FALSE
Nicholas Latifi,Canada,ENFP,"[2020, 2021, 2022]",0,0,0,0,0,9,FALSE,,FALSE
Lando Norris,United Kingdom,ENFP,"[2019, 2020, 2021, 2022, 2023, 2024]",0,1,0,13,6,633,TRUE,,FALSE
Pastor Maldonado,Venezuela,ENFP,"[2011, 2012, 2013, 2014, 2015]",0,1,1,1,0,76,FALSE,,FALSE
Daniel Ricciardo,Australia,ENFP,"[2011, 2012, 2013, 2014, 2015, 2016, 2017, 2018, 2019, 2020, 2021, 2022, 2023, 2024]",0,3,8,32,16,1317,FALSE,,FALSE
Damon Hill,United Kingdom,ENFP,"[1992, 1993, 1994, 1995, 1996, 1997, 1998, 1999]",1,20,22,42,19,360,FALSE,[1996],TRUE
Emerson Fittipaldi,Brazil,ENFP,"[1970, 1971, 1972, 1973, 1974, 1975, 1976, 1977, 1978, 1979, 1980]",2,6,14,35,6,281,FALSE,"[1972, 1974]",TRUE
Nyck de Vries,Netherlands,ENTJ,"[2022, 2023]",0,0,0,0,0,2,FALSE,,FALSE
Lucas di Grassi,Brazil,ENTJ,[2010],0,0,0,0,0,0,FALSE,,FALSE
Fernando Alonso,Spain,ENTJ,"[2001, 2003, 2004, 2005, 2006, 2007, 2008, 2009, 2010, 2011, 2012, 2013, 2014, 2015, 2016, 2017, 2018, 2021, 2022, 2023, 2024]",2,22,32,106,24,2267,TRUE,"[2005, 2006]",TRUE
Jos Verstappen,Netherlands,ENTJ,"[1994, 1995, 1996, 1997, 1998, 2000, 2001, 2003]",0,0,0,2,0,17,FALSE,,FALSE
Alain Prost,France,ENTJ,"[1980, 1981, 1982, 1983, 1984, 1985, 1986, 1987, 1988, 1989, 1990, 1991, 1993]",4,33,51,106,41,768.5,FALSE,"[1985, 1986, 1989, 1993]",TRUE
Daniil Kvyat,Russia,ENTP,"[2014, 2015, 2016, 2017, 2019, 2020]",0,0,0,3,1,202,FALSE,,FALSE
Giedo van der Garde,Netherlands,ENTP,[2013],0,0,0,0,0,0,FALSE,,FALSE
Gerhard Berger,Austria,ENTP,"[1984, 1985, 1986, 1987, 1988, 1989, 1990, 1991, 1992, 1993, 1994, 1995, 1996, 1997]",0,12,10,48,21,385,FALSE,,FALSE
Bernie Ecclestone,United Kingdom,ENTP,[1958],0,0,0,0,0,0,FALSE,,FALSE
Antonio Giovinazzi,Italy,ESFJ,"[2017, 2019, 2020, 2021]",0,0,0,0,0,21,FALSE,,FALSE
Nico Hülkenberg,Germany,ESFJ,"[2010, 2012, 2013, 2014, 2015, 2016, 2017, 2018, 2019, 2020, 2022, 2023, 2024]",0,1,0,0,2,530,TRUE,,FALSE
Jenson Button,United Kingdom,ESFJ,"[2000, 2001, 2002, 2003, 2004, 2005, 2006, 2007, 2008, 2009, 2010, 2011, 2012, 2013, 2014, 2015, 2016, 2017]",1,8,15,50,8,1235,FALSE,[2009],TRUE
Rubens Barrichello,Brazil,ESFJ,"[1993, 1994, 1995, 1996, 1997, 1998, 1999, 2000, 2001, 2002, 2003, 2004, 2005, 2006, 2007, 2008, 2009, 2010, 2011]",0,14,11,68,17,658,FALSE,,FALSE
Esteban Ocon,France,ESFP,"[2016, 2017, 2018, 2020, 2021, 2022, 2023, 2024]",0,0,1,3,0,422,TRUE,,FALSE
Romain Grosjean,France,ESFP,"[2009, 2012, 2013, 2014, 2015, 2016, 2017, 2018, 2019, 2020]",0,0,0,10,1,391,FALSE,,FALSE
Mark Webber,Australia,ESFP,"[2002, 2003, 2004, 2005, 2006, 2007, 2008, 2009, 2010, 2011, 2012, 2013]",0,13,9,42,19,1047.5,FALSE,,FALSE
Nigel Mansell,United Kingdom,ESFP,"[1980, 1981, 1982, 1983, 1984, 1985, 1986, 1987, 1988, 1989, 1990, 1991, 1992, 1994, 1995]",1,32,31,59,30,480,FALSE,[1992],TRUE
James Hunt,United Kingdom,ESFP,"[1973, 1974, 1975, 1976, 1977, 1978, 1979]",1,14,10,23,8,179,FALSE,[1976],TRUE
Nikita Mazepin,RAF,ESTJ,[2021],0,0,0,0,0,0,FALSE,,FALSE
Eddie Irvine,United Kingdom,ESTJ,"[1993, 1994, 1995, 1996, 1997, 1998, 1999, 2000, 2001, 2002]",0,0,4,26,1,191,FALSE,,FALSE
Alexander Rossi,United States,ESTP,[2015],0,0,0,0,0,0,FALSE,,FALSE
Juan Pablo Montoya,Colombia,ESTP,"[2001, 2002, 2003, 2004, 2005, 2006]",0,13,7,30,12,307,FALSE,,FALSE
Jacques Villeneuve,Canada,ESTP,"[1996, 1997, 1998, 1999, 2000, 2001, 2002, 2003, 2004, 2005, 2006]",1,13,11,23,9,235,FALSE,[1997],TRUE
Zhou Guanyu,China,INFJ,"[2022, 2023, 2024]",0,0,0,0,2,12,TRUE,,FALSE
Sebastian Vettel,Germany,INFJ,"[2007, 2008, 2009, 2010, 2011, 2012, 2013, 2014, 2015, 2016, 2017, 2018, 2019, 2020, 2021, 2022]",4,57,53,122,38,3098,FALSE,"[2010, 2011, 2012, 2013]",TRUE
Logan Sargeant,United States,INFP,"[2023, 2024]",0,0,0,0,0,1,TRUE,,FALSE
Lance Stroll,Canada,INFP,"[2017, 2018, 2019, 2020, 2021, 2022, 2023, 2024]",0,1,0,3,0,268,TRUE,,FALSE
Alberto Ascari,Italy,INFP,"[1950, 1951, 1952, 1953, 1954, 1955]",2,14,13,17,12,107.64,FALSE,"[1952, 1953]",TRUE
Mika Häkkinen,Finland,INTJ,"[1991, 1992, 1993, 1994, 1995, 1996, 1997, 1998, 1999, 2000, 2001]",2,26,20,51,25,420,FALSE,"[1998, 1999]",TRUE
Ayrton Senna,Brazil,INTJ,"[1984, 1985, 1986, 1987, 1988, 1989, 1990, 1991, 1992, 1993, 1994]",3,65,41,80,19,610,FALSE,"[1988, 1990, 1991]",TRUE
Niki Lauda,Austria,INTJ,"[1971, 1972, 1973, 1974, 1975, 1976, 1977, 1978, 1979, 1982, 1983, 1984, 1985]",3,24,25,54,24,420.5,FALSE,"[1975, 1977, 1984]",TRUE
Jack Aitken,United Kingdom,INTP,[2020],0,0,0,0,0,0,FALSE,,FALSE
Rio Haryanto,Indonesia,INTP,[2016],0,0,0,0,0,0,FALSE,,FALSE
Jolyon Palmer,United Kingdom,INTP,"[2016, 2017]",0,0,0,0,0,9,FALSE,,FALSE
Sébastien Bourdais,France,INTP,"[2008, 2009]",0,0,0,0,0,6,FALSE,,FALSE
Martin Brundle,United Kingdom,INTP,"[1984, 1985, 1986, 1987, 1988, 1989, 1991, 1992, 1993, 1994, 1995, 1996]",0,0,0,9,0,98,FALSE,,FALSE
Mick Schumacher,Germany,ISFJ,"[2021, 2022]",0,0,0,0,0,12,FALSE,,FALSE
Charles Leclerc,Monaco,ISFJ,"[2018, 2019, 2020, 2021, 2022, 2023, 2024]",0,30,5,24,7,1074,TRUE,,FALSE
Jules Bianchi,France,ISFJ,"[2013, 2014]",0,0,0,0,0,2,FALSE,,FALSE
Sergio Pérez,Mexico,ISFJ,"[2011, 2012, 2013, 2014, 2015, 2016, 2017, 2018, 2019, 2020, 2021, 2022, 2023, 2024]",0,1,6,35,11,1486,TRUE,,FALSE
Felipe Massa,Brazil,ISFJ,"[2002, 2004, 2005, 2006, 2007, 2008, 2009, 2010, 2011, 2012, 2013, 2014, 2015, 2016, 2017]",0,16,11,41,15,1167,FALSE,,FALSE
Mario Andretti,United States,ISFJ,"[1968, 1969, 1970, 1971, 1972, 1974, 1975, 1976, 1977, 1978, 1979, 1980, 1981, 1982]",1,18,12,19,10,180,FALSE,[1978],TRUE
Jim Clark,United Kingdom,ISFJ,"[1960, 1961, 1962, 1963, 1964, 1965, 1966, 1967, 1968]",2,33,25,32,28,255,FALSE,"[1963, 1965]",TRUE
Yuki Tsunoda,Japan,ISFP,"[2021, 2022, 2023, 2024]",0,0,0,0,1,61,TRUE,,FALSE
Alexander Albon,Thailand,ISFP,"[2019, 2020, 2022, 2023, 2024]",0,0,0,2,0,202,TRUE,,FALSE
Pierre Gasly,France,ISFP,"[2017, 2018, 2019, 2020, 2021, 2022, 2023, 2024]",0,0,1,4,3,394,TRUE,,FALSE
Pascal Wehrlein,Germany,ISFP,"[2016, 2017]",0,0,0,0,0,6,FALSE,,FALSE
Kamui Kobayashi,Japan,ISFP,"[2009, 2010, 2011, 2012, 2014]",0,0,0,1,1,125,FALSE,,FALSE
Lewis Hamilton,United Kingdom,ISFP,"[2007, 2008, 2009, 2010, 2011, 2012, 2013, 2014, 2015, 2016, 2017, 2018, 2019, 2020, 2021, 2022, 2023, 2024]",7,104,103,197,65,4639.5,TRUE,"[2008, 2014, 2015, 2017, 2018, 2019, 2020]",TRUE
Giancarlo Fisichella,Italy,ISFP,"[1996, 1997, 1998, 1999, 2000, 2001, 2002, 2003, 2004, 2005, 2006, 2007, 2008, 2009]",0,4,3,19,2,275,FALSE,,FALSE
Christian Fittipaldi,Brazil,ISFP,"[1992, 1993, 1994]",0,0,0,0,0,12,FALSE,,FALSE
Carlos Sainz Jr.,Spain,ISTJ,"[2015, 2016, 2017, 2018, 2019, 2020, 2021, 2022, 2023, 2024]",0,3,2,18,3,982.5,TRUE,,FALSE
Ralf Schumacher,Germany,ISTJ,"[1997, 1998, 1999, 2000, 2001, 2002, 2003, 2004, 2005, 2006, 2007]",0,6,6,27,8,329,FALSE,,FALSE
Liam Lawson,New Zealand,ISTP,[2023],0,0,0,0,0,2,FALSE,,FALSE
Oscar Piastri,Australia,ISTP,"[2023, 2024]",0,0,0,2,0,97,TRUE,,FALSE
Max Verstappen,Netherlands,ISTP,"[2015, 2016, 2017, 2018, 2019, 2020, 2021, 2022, 2023, 2024]",3,32,54,98,30,2586.5,TRUE,"[2021, 2022, 2023]",TRUE
Kevin Magnussen,Denmark,ISTP,"[2014, 2015, 2016, 2017, 2018, 2019, 2020, 2022, 2023, 2024]",0,1,0,1,2,186,TRUE,,FALSE
Valtteri Bottas,Finland,ISTP,"[2013, 2014, 2015, 2016, 2017, 2018, 2019, 2020, 2021, 2022, 2023, 2024]",0,20,10,67,19,1797,TRUE,,FALSE
Paul di Resta,United Kingdom,ISTP,"[2011, 2012, 2013, 2017]",0,0,0,0,0,121,FALSE,,FALSE
Robert Kubica,Poland,ISTP,"[2006, 2007, 2008, 2009, 2010, 2019, 2021]",0,1,1,12,1,274,FALSE,,FALSE
Kimi Räikkönen,Finland,ISTP,"[2001, 2002, 2003, 2004, 2005, 2006, 2007, 2008, 2009, 2012, 2013, 2014, 2015, 2016, 2017, 2018, 2019, 2020, 2021]",1,18,21,103,46,1873,FALSE,[2007],TRUE
Heinz-Harald Frentzen,Germany,ISTP,"[1994, 1995, 1996, 1997, 1998, 1999, 2000, 2001, 2002, 2003]",0,2,3,18,6,174,FALSE,,FALSE
Michael Andretti,United States,ISTP,[1993],0,0,0,1,0,7,FALSE,,FALSE
Michael Schumacher,Germany,ISTP,"[1991, 1992, 1993, 1994, 1995, 1996, 1997, 1998, 1999, 2000, 2001, 2002, 2003, 2004, 2005, 2006, 2010, 2011, 2012]",7,68,91,155,77,1566,FALSE,"[1994, 1995, 2000, 2001, 2002, 2003, 2004]",TRUE
Jean Alesi,France,ISTP,"[1989, 1990, 1991, 1992, 1993, 1994, 1995, 1996, 1997, 1998, 1999, 2000, 2001]",0,2,1,32,4,241,FALSE,,FALSE
Keke Rosberg,Finland,ISTP,"[1978, 1979, 1980, 1981, 1982, 1983, 1984, 1985, 1986]",1,5,5,17,3,159.5,FALSE,[1982],TRUE
Nelson Piquet,Brazil,ISTP,"[1978, 1979, 1980, 1981, 1982, 1983, 1984, 1985, 1986, 1987, 1988, 1989, 1990, 1991]",3,24,23,60,23,481.5,FALSE,"[1981, 1983, 1987]",TRUE
Gilles Villeneuve,Canada,ISTP,"[1977, 1978, 1979, 1980, 1981, 1982]",0,2,6,13,8,101,FALSE,,FALSE